enzyme	betaninProd	cid	pred
DbB5GT	++	135449343	0.28184000000000003
MjcDOPA5GT	++	135449343	0.24234642857142857
BvSGT1	-	135449343	0.2658833333333333
BvSGT2	+++	135449343	0.28041
BvSGT3	-	135449343	0.27163166666666666
BvSGT4	+	135449343	0.27759833333333334
BvSGT5	-	135449343	0.3015654761904762
CqSGT1	-	135449343	0.28557380952380945
PaSGT1	-	135449343	0.30691666666666667
SoSGT1	-	135449343	0.270785
VrSGT1	-	135449343	0.2896
CqSGT2	+++	135449343	0.28551
CqSGT3	-	135449343	0.2668933333333333
CqSGT4	-	135449343	0.2651866666666667
CqSGT5	-	135449343	0.27706833333333336
CqSGT6	-	135449343	0.3096204761904762
SoSGT2	-	135449343	0.2888166666666667
SoSGT3	-	135449343	0.256925
SoSGT4	-	135449343	0.29949999999999993
SoSGT5	-	135449343	0.27899666666666667
SoSGT6	-	135449343	0.2733821428571428
SoSGT7	-	135449343	0.275525
CsSGT1	-	135449343	0.3394
CiSiSGT1	-	135449343	0.2945433333333333
CiClSGT1	-	135449343	0.30033000000000004
EgSGT1	-	135449343	0.31217666666666666
CpSGT1	-	135449343	0.32087
MeSGT1	-	135449343	0.3086166666666667
RaSGT1	-	135449343	0.30666666666666664
TcSGT1	-	135449343	0.322925
GgGT	-	135449343	0.24014083333333328
Cb6OGT	-	135449343	0.21045416666666666
At6OGT	-	135449343	0.23627666666666663
Cq6OGT	-	135449343	0.21385999999999994
BgGT1	-	135449343	0.2643566666666667
BgGT2	++	135449343	0.2291214285714286
BgGT3	-	135449343	0.2778816666666667
