file	thres	n0	n1	auc
pred_chem_blosum62Amb-speciesSeqSelect-yield	25	643	1143	0.5332540081012425
pred_chem_blosum62Amb-yield	25	643	1143	0.4696407505826935
pred_chem_matchAmb-speciesSeqSelect-yield	25	643	1143	0.5275393258579847
pred_chem_matchAmb-yield	25	643	1143	0.4892822495166331
pred_seqs_blosum62Amb-speciesSeqSelect-yield	25	230	52	0.6529264214046823
pred_seqs_blosum62Amb-yield	25	230	52	0.724581939799331
pred_seqs_matchAmb-speciesSeqSelect-yield	25	230	52	0.6275083612040134
pred_seqs_matchAmb-yield	25	230	52	0.6710702341137124
pred_chem_blosum62Amb-speciesSeqSelect-yield	50	420	1366	0.5368577006205117
pred_chem_blosum62Amb-yield	50	420	1366	0.4662884333821376
pred_chem_matchAmb-speciesSeqSelect-yield	50	420	1366	0.5390268772223384
pred_chem_matchAmb-yield	50	420	1366	0.4914418183085826
pred_seqs_blosum62Amb-speciesSeqSelect-yield	50	257	25	0.692762645914397
pred_seqs_blosum62Amb-yield	50	257	25	0.7998443579766537
pred_seqs_matchAmb-speciesSeqSelect-yield	50	257	25	0.6712840466926071
pred_seqs_matchAmb-yield	50	257	25	0.7341634241245136
pred_chem_blosum62Amb-speciesSeqSelect-yield	75	1558	228	0.5525217890683062
pred_chem_blosum62Amb-yield	75	1558	228	0.4882778190662793
pred_chem_matchAmb-speciesSeqSelect-yield	75	1558	228	0.5582196022791254
pred_chem_matchAmb-yield	75	1558	228	0.5172581244510506
pred_seqs_blosum62Amb-speciesSeqSelect-yield	75	273	9	0.6324786324786325
pred_seqs_blosum62Amb-yield	75	273	9	0.7855107855107855
pred_seqs_matchAmb-speciesSeqSelect-yield	75	273	9	0.6200651200651202
pred_seqs_matchAmb-yield	75	273	9	0.6837606837606838
