pred_chem_blosum62Amb-speciesSeqSelect	0.09188447229365233
pred_chem_blosum62Amb	-0.0363070972577448
pred_chem_matchAmb-speciesSeqSelect	0.08249053839620334
pred_chem_matchAmb	0.013532055835295506
pred_seqs_blosum62Amb-speciesSeqSelect	0.2347804325673275
pred_seqs_blosum62Amb	0.3271271474353379
pred_seqs_matchAmb-speciesSeqSelect	0.21135219944361675
pred_seqs_matchAmb	0.23885267806618476
